video_id,comment_id,comment_text,author,published_at,like_count,reply_count,comment_cleaned,comment_processed,sentiment_polarity,sentiment_subjectivity,sentiment_category,comment_length,word_count
bHM22eHlbg0,Ugz-7yql4rTN7BVZh1V4AaABAg,What could be the real reasons behind these?,@klausjambor1897,2026-02-01 11:44:55+00:00,1,0,what could be the real reasons behind these?,could real reasons behind ?,-0.1,0.5,neutral,44,8
bHM22eHlbg0,UgwW52JRO2LUYyqiStV4AaABAg,DW needs to wake up. Peace talks are not the same as a ceasefire. The war doesn’t end until after an agreement is made. It took a year and a half to reach an agreement to end the war in Afghanistan. So the war in Ukraine likely is no where close to over.,@michaelwilson9921,2026-02-01 10:45:28+00:00,4,0,dw needs to wake up. peace talks are not the same as a ceasefire. the war doesnt end until after an agreement is made. it took a year and a half to reach an agreement to end the war in afghanistan. so the war in ukraine likely is no where close to over.,dw needs wake . peace talks ceasefire . war doesnt end agreement made . took year half reach agreement end war afghanistan . war ukraine likely close .,-0.05555555555555555,0.4305555555555555,neutral,254,53
bHM22eHlbg0,UgxNk0DdoO7JQ9oQBg94AaABAg,"U.S bombed Iran which is Oceans away, Russia bombs Ukraine. Isreal bombs Gaza despite ceasefire. Both call it self defence. The real world order amidst Western hypocrisy",@eddieokpara3549,2026-02-01 11:06:34+00:00,7,0,u.s bombed iran which is oceans away russia bombs ukraine. isreal bombs gaza despite ceasefire. both call it self defence. the real world order amidst western hypocrisy,u.s bombed iran oceans away russia bombs ukraine . isreal bombs gaza despite ceasefire . call self defence . real world order amidst western hypocrisy,0.1,0.15000000000000002,neutral,169,27
bHM22eHlbg0,UgyLZ_fULTsrZueGN7B4AaABAg,"*I think Ukrainians should stop complaining since they are still listening to their 'Western sponsorers and Boris Johnson the adviser of the proxy war'* 😂😂😂

*Beware, the one winning don't always complain* 👌

*Russia's washing machines and shovels are really dangerous to cope!!!* 😂😂😂",@Heavenrisly,2026-02-01 11:00:23+00:00,16,0,i think ukrainians should stop complaining since they are still listening to their western sponsorers and boris johnson the adviser of the proxy war beware the one winning dont always complain russias washing machines and shovels are really dangerous to cope!!!,think ukrainians stop complaining since still listening western sponsorers boris johnson adviser proxy war beware one winning dont always complain russias washing machines shovels really dangerous cope ! ! !,-0.16666666666666666,0.5499999999999999,negative,284,44
bHM22eHlbg0,Ugx4YXd3WgR1rpcie9F4AaABAg,"So wait, is ukrainato still winning??",@fittestofthefittest,2026-02-01 11:43:54+00:00,2,0,so wait is ukrainato still winning??,wait ukrainato still winning ? ?,0.5,0.75,positive,37,6
bHM22eHlbg0,UgwPMlNHWmkZgeWawG54AaABAg,As long as zelenky has heat in his bunker this will continue,@TJMAXShow,2026-02-01 11:28:37+00:00,7,0,as long as zelenky has heat in his bunker this will continue,long zelenky heat bunker continue,-0.05,0.4,neutral,60,12
bHM22eHlbg0,Ugwjlg440ypWLyWU0yF4AaABAg,i happy Aonishiki family is safe in japan ☺️,@davidocktora04,2026-02-01 11:37:09+00:00,0,0,i happy aonishiki family is safe in japan,happy aonishiki family safe japan,0.65,0.75,positive,44,9
bHM22eHlbg0,UgxnswVlfvUbTzZksjN4AaABAg,Success for Ukraine! -25 C in Kiev. Vodka freezes at -27 C so the situation is not critical.,@peterrisbergs7156,2026-02-01 11:41:47+00:00,1,0,success for ukraine! 25 c in kiev. vodka freezes at 27 c so the situation is not critical.,success ukraine ! 25 c kiev . vodka freezes 27 c situation critical .,0.1875,0.4,positive,92,18
bHM22eHlbg0,UgzougS9iwuzZiLWMsl4AaABAg,"Don’t worry, Ursula still standing with you and will send more golden toilets. She promised!",@Zoran_balkan,2026-02-01 12:00:10+00:00,1,0,dont worry ursula still standing with you and will send more golden toilets. she promised!,dont worry ursula still standing send golden toilets . promised !,0.4375,0.5,positive,92,15
bHM22eHlbg0,UgyZeCwNEbxGcj9OWgZ4AaABAg,"It sounds more like: ""You cease...I fire""!",@borisreljanovic7292,2026-02-01 10:53:59+00:00,6,0,it sounds more like you cease...i fire!,sounds like cease ... fire !,0.625,0.5,positive,42,7
bHM22eHlbg0,UgzZWE2Q2nqCSblJMQ14AaABAg,Another meeting is plan by EUdiots😂😂,@mistertoppy,2026-02-01 11:44:43+00:00,2,0,another meeting is plan by eudiots,another meeting plan eudiots,0.0,0.0,neutral,36,6
bHM22eHlbg0,Ugx8StrwmEwh7wu22wN4AaABAg,Thank God that Russia doesn't break the truce anymore,@sumailaibrahim9420,2026-02-01 10:40:49+00:00,3,0,thank god that russia doesnt break the truce anymore,thank god russia doesnt break truce anymore,0.0,0.0,neutral,53,9
bHM22eHlbg0,UgynzKHo2zkDU4NUxH14AaABAg,EU and western countries responsible for ukraine death' toll and pain,@anilvyas2652,2026-02-01 11:09:37+00:00,7,0,eu and western countries responsible for ukraine death toll and pain,eu western countries responsible ukraine death toll pain,0.1,0.275,neutral,69,11
bHM22eHlbg0,UgxErTmsO4puCjb0svJ4AaABAg,but...but he promised not to attack for a week,@invicible192,2026-02-01 10:53:52+00:00,1,4,but...but he promised not to attack for a week,... promised attack week,0.0,0.0,neutral,46,9
bHM22eHlbg0,UgwIy7aMC5IWVFMbvNd4AaABAg,Time for NATO to raise the white flag,@inirabsky,2026-02-01 11:21:06+00:00,9,1,time for nato to raise the white flag,time nato raise white flag,0.0,0.0,neutral,37,8
bHM22eHlbg0,UgwWr2JUByWDZ4pgflN4AaABAg,I hope the people that were selling Ukraine hopes and dreams of a delusional victory instead of cutting their losses early and making peace with Russia are happy.,@mugenmugen9632,2026-02-01 11:54:37+00:00,1,0,i hope the people that were selling ukraine hopes and dreams of a delusional victory instead of cutting their losses early and making peace with russia are happy.,hope people selling ukraine hopes dreams delusional victory instead cutting losses early making peace russia happy .,0.10000000000000002,0.7333333333333334,positive,162,28
bHM22eHlbg0,UgxKog-kXWXZo4LS1el4AaABAg,Sorry for Ukraine people but I think Ukraine will have a very hard situation. I am curious who will do the reconstruction and when.,@ionchira5448,2026-02-01 12:14:14+00:00,0,0,sorry for ukraine people but i think ukraine will have a very hard situation. i am curious who will do the reconstruction and when.,sorry ukraine people think ukraine hard situation . curious reconstruction .,-0.3263888888888889,0.9013888888888889,negative,131,24
bHM22eHlbg0,Ugygakz7tWERRjdH55l4AaABAg,"Punish the terrorists and criminals, never surrender!",@severinsilmedin2588,2026-02-01 12:06:37+00:00,0,0,punish the terrorists and criminals never surrender!,punish terrorists criminals never surrender !,0.0,0.0,neutral,53,7
bHM22eHlbg0,UgzZmbt9PbYr3MunhFd4AaABAg,"Russia is the most powerful,fighting NATO incuding America❤",@JohniecelebzTv,2026-02-01 12:13:43+00:00,1,0,russia is the most powerfulfighting nato incuding america,russia powerfulfighting nato incuding america,0.5,0.5,positive,59,8
bHM22eHlbg0,Ugy4FwaHg2ppyTnEaCt4AaABAg,"Constructive talks for years, Russia still advancing.",@edinson1613,2026-02-01 12:17:14+00:00,0,0,constructive talks for years russia still advancing.,constructive talks years russia still advancing .,0.0,0.0,neutral,53,7
bHM22eHlbg0,Ugy6ktxPZ49aqsZgsdd4AaABAg,Send ukraine a white sheet they can wave 🤣😂😅😅😆😆,@diegoflores9237,2026-02-01 10:40:02+00:00,13,4,send ukraine a white sheet they can wave,send ukraine white sheet wave,0.0,0.0,neutral,47,9
bHM22eHlbg0,Ugyu2VJMh8kwaUYO7cR4AaABAg,"가서 같이 싸워라 
스튜디오에서 말만 하지 말고",@양둘이-z7k,2026-02-01 10:42:55+00:00,3,0,가서 같이 싸워라 스튜디오에서 말만 하지 말고,가서 같이 싸워라 스튜디오에서 말만 하지 말고,0.0,0.0,neutral,26,7
bHM22eHlbg0,UgyoXiLzC-PPznh0Gw54AaABAg,Na današnji dan 1901 rođen je Clark Gable🎉🇧🇬🇪🇪,@zoranmrdjenovic8127,2026-02-01 10:56:06+00:00,2,0,na današnji dan 1901 rođen je clark gable,na današnji dan 1901 rođen je clark gable,0.0,0.0,neutral,46,8
bHM22eHlbg0,UgwYsIQGjD1pgw1LN8N4AaABAg,DW is the spy of Israel,@shahnewaj1048,2026-02-01 11:37:50+00:00,1,0,dw is the spy of israel,dw spy israel,0.0,0.0,neutral,23,6
bHM22eHlbg0,UgxvV4dHXs6-FahqG_J4AaABAg,Crazy how every YT video from DW abour Russia and Ukraine has about 5x more common per view than other videos and the comments are all negative or sound like edgy teens as opposed to their other vids. Almost as if the comment section is full of RU bots.,@chillguy1001,2026-02-01 11:42:26+00:00,0,0,crazy how every yt video from dw abour russia and ukraine has about 5x more common per view than other videos and the comments are all negative or sound like edgy teens as opposed to their other vids. almost as if the comment section is full of ru bots.,crazy every yt video dw abour russia ukraine 5x common per view videos comments negative sound like edgy teens opposed vids . almost comment section full ru bots .,-0.055555555555555546,0.5277777777777777,neutral,253,49
bHM22eHlbg0,Ugwq-LRGOpypi0-dmOV4AaABAg,"German pretend , 
I have a one day Ukrainians will recognize how cold blood the Europeans actually are",@yifuhood,2026-02-01 10:44:28+00:00,3,0,german pretend i have a one day ukrainians will recognize how cold blood the europeans actually are,german pretend one day ukrainians recognize cold blood europeans actually,-0.19999999999999998,0.3666666666666667,negative,102,18
bHM22eHlbg0,Ugzk7aXnF1Cd6eU-EeB4AaABAg,"if they are that resilient, why did they ask for a pause? please",@botshelomoatshe3153,2026-02-01 11:09:04+00:00,1,2,if they are that resilient why did they ask for a pause? please,resilient ask pause ? please,0.0,0.0,neutral,64,13
bHM22eHlbg0,Ugy4TQS9ovdmeBaUVEZ4AaABAg,"The russians never forgave and forgot the siege of Stalingrad, Ukraine and Europe should never forgive Russias for freezing helpless in Kyiv.",@user-zz8lb6bd7p,2026-02-01 10:43:18+00:00,4,1,the russians never forgave and forgot the siege of stalingrad ukraine and europe should never forgive russias for freezing helpless in kyiv.,russians never forgave forgot siege stalingrad ukraine europe never forgive russias freezing helpless kyiv .,0.0,0.0,neutral,141,22
bHM22eHlbg0,Ugxi7jV3Um1cLzroFWZ4AaABAg,"You people are frustrated because ur sabotage couldn't bring any meaningful result, Russia is a super power nation",@sumailaibrahim9420,2026-02-01 10:47:30+00:00,6,0,you people are frustrated because ur sabotage couldnt bring any meaningful result russia is a super power nation,people frustrated ur sabotage couldnt bring meaningful result russia super power nation,0.04444444444444445,0.45555555555555555,neutral,114,18
bHM22eHlbg0,UgwKdD4bk-mZcIcL0214AaABAg,Ukrajina je vodeća država u Evropi😅,@zoranmrdjenovic8127,2026-02-01 10:37:52+00:00,4,0,ukrajina je vodeća država u evropi,ukrajina je vodeća država u evropi,0.0,0.0,neutral,35,6
bHM22eHlbg0,Ugz80JImNRzI0XOjYz94AaABAg,"Ukraine will withstand blackouts, for as long as it takes.",@trqster,2026-02-01 10:40:00+00:00,7,2,ukraine will withstand blackouts for as long as it takes.,ukraine withstand blackouts long takes .,-0.05,0.4,neutral,58,10
bHM22eHlbg0,UgzbeZluAPW5-Ne54-N4AaABAg,"Even with a Russian agent in the White House, Russia Still can't win the war.",@PhillipBell,2026-02-01 10:58:16+00:00,3,4,even with a russian agent in the white house russia still cant win the war.,even russian agent white house russia still cant win war .,0.26666666666666666,0.13333333333333333,positive,77,15
bHM22eHlbg0,Ugxg4whISyDLxjaPtfp4AaABAg,I miss times when DW was focused on alleged achievement of ukrainian forces on the battlefield and now they switched on suffering of civilians. C'mon DW have faith on ukrainian victory on the battlefield as Borrell visioned it.,@palar4195,2026-02-01 11:13:33+00:00,1,0,i miss times when dw was focused on alleged achievement of ukrainian forces on the battlefield and now they switched on suffering of civilians. cmon dw have faith on ukrainian victory on the battlefield as borrell visioned it.,miss times dw focused alleged achievement ukrainian forces battlefield switched suffering civilians . cmon dw faith ukrainian victory battlefield borrell visioned .,-0.1,0.1,neutral,227,38
bHM22eHlbg0,UgytUMPG9_x3uI4GJjB4AaABAg,"The one who not allowed Ukraine to be Neutral,, The one who have to take responsibility to Ukrainian,,,Who ?",@peterwong4779,2026-02-01 11:09:55+00:00,1,2,the one who not allowed ukraine to be neutral the one who have to take responsibility to ukrainianwho ?,one allowed ukraine neutral one take responsibility ukrainianwho ?,0.0,0.0,neutral,108,19
bHM22eHlbg0,Ugwt9-7p2ML4YKSJjX54AaABAg,Slava Ukraine,@osujomoses642,2026-02-01 11:00:38+00:00,2,0,slava ukraine,slava ukraine,0.0,0.0,neutral,13,2
bHM22eHlbg0,UgyMO3ZpyEx_H2P-9Ux4AaABAg,Ukraine is a lost cause. They do not help themselves,@Sparta1993,2026-02-01 10:41:37+00:00,5,1,ukraine is a lost cause. they do not help themselves,ukraine lost cause . help,0.0,0.0,neutral,52,10
bHM22eHlbg0,Ugxk8HOrxLM_IsNa38h4AaABAg,"What's happening Ukraine, surrender for ur children, don't be selfish, let them have a choice 🥶🤕",@Goth78787,2026-02-01 11:12:42+00:00,0,0,whats happening ukraine surrender for ur children dont be selfish let them have a choice,whats happening ukraine surrender ur children dont selfish let choice,-0.5,1.0,negative,96,16
bHM22eHlbg0,UgyfOkCyHOEvcIiekDF4AaABAg,DW news = FOX news,@vidtovid-f7s,2026-02-01 10:35:04+00:00,2,0,dw news fox news,dw news fox news,0.0,0.0,neutral,18,5
bHM22eHlbg0,UgweZnI7Hww5JfH5zt54AaABAg,Does Zelensky personally have heating ……that will decide his desire to make peace,@BalancedSpeaker,2026-02-01 10:51:36+00:00,1,1,does zelensky personally have heating that will decide his desire to make peace,zelensky personally heating decide desire make peace,0.0,0.3,neutral,81,13
bHM22eHlbg0,Ugz1GIpUaCm6uVkUa154AaABAg,How Kyiv wishes to turn back the hands of time to the night before 09th April 2022 before Boris Johnson flew to Kiev.,@CK-jo9im,2026-02-01 10:44:07+00:00,2,2,how kyiv wishes to turn back the hands of time to the night before 09th april 2022 before boris johnson flew to kiev.,kyiv wishes turn back hands time night 09th april 2022 boris johnson flew kiev .,0.0,0.0,neutral,117,23
bHM22eHlbg0,UgwoS-_HOvePvxYjUPt4AaABAg,Hey buddy... Does Putin still have cancer and is Russia running out of missiles? Please answer my question honestly... I'm not a Russian...😜,@vihanperiyapperuma8891,2026-02-01 11:02:55+00:00,1,1,hey buddy... does putin still have cancer and is russia running out of missiles? please answer my question honestly... im not a russian...,hey buddy ... putin still cancer russia running missiles ? please answer question honestly ... im russian ...,0.3,0.45,positive,140,23
bHM22eHlbg0,UgyQCzLYAf7MORaMfTN4AaABAg,"RuZZian fanboys gleefully watching human suffering is part of the reason Ukranians are still fighting.

'This aggression will not stand, man.'",@yngir.1,2026-02-01 11:21:47+00:00,3,2,ruzzian fanboys gleefully watching human suffering is part of the reason ukranians are still fighting. this aggression will not stand man.,ruzzian fanboys gleefully watching human suffering part reason ukranians still fighting . aggression stand man .,0.0,0.1,neutral,142,21
bHM22eHlbg0,Ugw9Zpy0JKxuxqt15Qt4AaABAg,No peace... moneylesky said they will fight till the last Ukraine 😅 and there is alot of Ukraine alive,@Collinsdro,2026-02-01 10:52:39+00:00,0,0,no peace... moneylesky said they will fight till the last ukraine and there is alot of ukraine alive,peace ... moneylesky said fight till last ukraine alot ukraine alive,0.05,0.23333333333333334,neutral,102,19
bHM22eHlbg0,UgzHhKX3DdNQKyU3tjh4AaABAg,It is war! Zenlensky chose war! It was Ukriane who targeted the energy Infra first~ the reaction backfires~ if you don’t have means to equal the opposition~ do not initiate.,@Dens316,2026-02-01 11:18:30+00:00,0,2,it is war! zenlensky chose war! it was ukriane who targeted the energy infra first the reaction backfires if you dont have means to equal the opposition do not initiate.,war ! zenlensky chose war ! ukriane targeted energy infra first reaction backfires dont means equal opposition initiate .,0.125,0.29166666666666663,positive,173,30
bHM22eHlbg0,UgyQG_7qvdROwz1evmh4AaABAg,"Unfortunately if there is no progress, Russia will destroy the remaining energy grid Inc power plants, sub stations and even the metro and trains network. Temp coming week sinks to -20C, the resilient civilians will suffer tremendously leading to deaths in this temperature. But ending the war requires total agreement from both sides which could takes months. The m Russians are advancing again in Zaporizhzhia and Kupyansk has been lost apparently. Other fronts are also struggling. Yet Zelensky will not give up Donbas so the situation is getting from bad to worse!",@gh926-e8s,2026-02-01 11:10:46+00:00,0,0,unfortunately if there is no progress russia will destroy the remaining energy grid inc power plants sub stations and even the metro and trains network. temp coming week sinks to 20c the resilient civilians will suffer tremendously leading to deaths in this temperature. but ending the war requires total agreement from both sides which could takes months. the m russians are advancing again in zaporizhzhia and kupyansk has been lost apparently. other fronts are also struggling. yet zelensky will not give up donbas so the situation is getting from bad to worse!,unfortunately progress russia destroy remaining energy grid inc power plants sub stations even metro trains network . temp coming week sinks 20c resilient civilians suffer tremendously leading deaths temperature . ending war requires total agreement sides could takes months . russians advancing zaporizhzhia kupyansk lost apparently . fronts also struggling . yet zelensky give donbas situation getting bad worse !,-0.22395833333333331,0.5489583333333333,negative,568,92
bHM22eHlbg0,Ugz2xRPQ6cQyzzhb1Xl4AaABAg,I don't like ukraine. I don't like russia. I only care about America. God bless America and God bless the USA.,@jeffjenkins8488,2026-02-01 10:42:34+00:00,0,0,i dont like ukraine. i dont like russia. i only care about america. god bless america and god bless the usa.,dont like ukraine . dont like russia . care america . god bless america god bless usa .,0.0,1.0,neutral,110,21
5SrdBnqiK5c,UgyCSe6j0KH63jyawNh4AaABAg,Ukrainian vocal mp said Russia agreed not to target energy infrastructure because it was running out of weapons. Seems Russia wants to prove her wrong.,@fabianabongo6284,2026-01-31 22:25:02+00:00,15,0,ukrainian vocal mp said russia agreed not to target energy infrastructure because it was running out of weapons. seems russia wants to prove her wrong.,ukrainian vocal mp said russia agreed target energy infrastructure running weapons . seems russia wants prove wrong .,-0.15,0.5,negative,151,25
5SrdBnqiK5c,UgwNuHeoBL-fW_O66d94AaABAg,What about the cold in gaza?,@BrianAgius-g1o,2026-01-31 21:38:01+00:00,27,4,what about the cold in gaza?,cold gaza ?,-0.6,1.0,negative,28,6
5SrdBnqiK5c,UgxYUMENU35_BkGxxth4AaABAg,"No to pause, fight till end  😒",@Marco_Polo790,2026-01-31 17:54:36+00:00,48,0,no to pause fight till end,pause fight till end,0.0,0.0,neutral,30,7
5SrdBnqiK5c,UgwPnKi62Uqr_ysciMl4AaABAg,"""Untill The Last ukranian""",@Natan0393,2026-01-31 18:26:30+00:00,76,16,untill the last ukranian,untill last ukranian,0.0,0.06666666666666667,neutral,26,4
5SrdBnqiK5c,UgwXLaCefK7xeZiO9sB4AaABAg,Is  the panelist insinuating that  Ukraine  will break the energy ceasefire?,@lazarusmwansa4525,2026-01-31 20:33:10+00:00,5,0,is the panelist insinuating that ukraine will break the energy ceasefire?,panelist insinuating ukraine break energy ceasefire ?,0.0,0.0,neutral,76,11
5SrdBnqiK5c,UgzgSb-T9BQMyXbgMIh4AaABAg,Quality of the commentary by analysts has really gone down noticeably,@chokosabe,2026-01-31 17:38:50+00:00,29,6,quality of the commentary by analysts has really gone down noticeably,quality commentary analysts really gone noticeably,0.022222222222222227,0.24444444444444446,neutral,69,11
5SrdBnqiK5c,Ugz_yoewqEYzLwJU7U54AaABAg,Where is Patriot?,@johnngaa4818,2026-01-31 18:59:42+00:00,18,5,where is patriot?,patriot ?,0.0,0.0,neutral,17,3
5SrdBnqiK5c,Ugx_6hlPc8ADeeMVIh14AaABAg,isn't ukraine winning with game-changers and counter-offensive gaining momentum?,@justit213,2026-01-31 17:25:47+00:00,57,38,isnt ukraine winning with gamechangers and counteroffensive gaining momentum?,isnt ukraine winning gamechangers counteroffensive gaining momentum ?,0.5,0.75,positive,80,9
5SrdBnqiK5c,UgyeyMrdp1izYd7Z4wp4AaABAg,It was the CIA that decided to hit Russian energy sites.  Is the CIA getting soft?,@mgronich948,2026-01-31 22:15:03+00:00,21,0,it was the cia that decided to hit russian energy sites. is the cia getting soft?,cia decided hit russian energy sites . cia getting soft ?,0.05,0.175,neutral,82,16
5SrdBnqiK5c,UgwfQ4KiloI0hq9dvQR4AaABAg,"At 1:15, president Zelenskyy has definitely learned to say ""Thank you"". Every time. First thing.",@OrangiaNebula,2026-01-31 20:14:42+00:00,11,0,at 115 president zelenskyy has definitely learned to say thank you. every time. first thing.,115 president zelenskyy definitely learned say thank . every time . first thing .,0.125,0.41666666666666663,positive,96,15
5SrdBnqiK5c,UgySKmljTRczwn1N5wJ4AaABAg,Anyone said peace was signed or ONLY not to targeting energy sector??? Some people didn’t understand anything what was promised. Next time listen CAREFULLY to understand!!! 🤣🤷🏻‍♂️,@Zoran_balkan,2026-01-31 18:01:01+00:00,8,1,anyone said peace was signed or only not to targeting energy sector??? some people didnt understand anything what was promised. next time listen carefully to understand!!!,anyone said peace signed targeting energy sector ? ? ? people didnt understand anything promised . next time listen carefully understand ! ! !,-0.06510416666666667,0.6666666666666666,neutral,179,27
5SrdBnqiK5c,UgzQZmrrI2Zf6-dfK4Z4AaABAg,Putin doesn't care about what Trump feels or says!,@satyr69,2026-01-31 22:13:46+00:00,6,1,putin doesnt care about what trump feels or says!,putin doesnt care trump feels says !,0.0,0.0,neutral,50,9
5SrdBnqiK5c,UgyyROygxdu_jVcQOrt4AaABAg,Ukraine should surrender,@WesleyRaines-n4s,2026-01-31 21:56:47+00:00,12,2,ukraine should surrender,ukraine surrender,0.0,0.0,neutral,24,3
5SrdBnqiK5c,UgxSI5V1WFtfkXvOf7F4AaABAg,Europelacksthecourageandgutstòtakeonrrussiaandthatisputinsgreatestassetaseuropesleepseventhetalibanhasmorecouragèitisadisgrace,@sureshtharakan535,2026-01-31 19:13:27+00:00,3,0,europelacksthecourageandgutstòtakeonrrussiaandthatisputinsgreatestassetaseuropesleepseventhetalibanhasmorecouragèitisadisgrace,europelacksthecourageandgutstòtakeonrrussiaandthatisputinsgreatestassetaseuropesleepseventhetalibanhasmorecouragèitisadisgrace,0.0,0.0,neutral,126,1
5SrdBnqiK5c,UgzaIY4Z1_VnJrDmEUF4AaABAg,Don't expect any peace deal before the liberation of Odessa,@justiceandfreedom5773,2026-02-01 01:10:14+00:00,3,0,dont expect any peace deal before the liberation of odessa,dont expect peace deal liberation odessa,0.0,0.0,neutral,59,10
5SrdBnqiK5c,UgyvCpssGR_oxGIvQKp4AaABAg,F.kyunova 😅????,@klausjambor1897,2026-01-31 19:33:02+00:00,2,0,f.kyunova ????,f.kyunova ? ? ? ?,0.0,0.0,neutral,15,2
5SrdBnqiK5c,UgwbVMet_G7rdzvOlxV4AaABAg,Ha..Ha..JOKE OF THE CENTURY..,@sandeepnair3862,2026-01-31 18:46:43+00:00,2,0,ha..ha..joke of the century..,ha .. ha .. joke century ..,0.0,0.0,neutral,29,4
5SrdBnqiK5c,Ugz8Me0sBJVsDE7cUH94AaABAg,At least Russia is still keeping up its promise,@faustoasandoval5580,2026-01-31 17:51:48+00:00,24,6,at least russia is still keeping up its promise,least russia still keeping promise,-0.3,0.4,negative,47,9
5SrdBnqiK5c,UgwQvRXzbKUBoa_kQAF4AaABAg,PARTNERS LOL THEY HATE YOU EVIL LITTLE GREMLIN,@raptor4720,2026-02-01 02:18:31+00:00,3,0,partners lol they hate you evil little gremlin,partners lol hate evil little gremlin,-0.296875,0.775,negative,46,8
5SrdBnqiK5c,UgwCJGSoYTrfgPA1I254AaABAg,"To be fair, Russia produces so many drones and missiles that if they don't use them their warehouses will overflow.",@univeropa3363,2026-01-31 19:10:29+00:00,23,7,to be fair russia produces so many drones and missiles that if they dont use them their warehouses will overflow.,fair russia produces many drones missiles dont use warehouses overflow .,0.6,0.7,positive,115,20
5SrdBnqiK5c,UgxqSQDN1760hffZBXV4AaABAg,What difference does a week makes?,@SGdaDP,2026-01-31 18:38:47+00:00,4,6,what difference does a week makes?,difference week makes ?,0.0,0.0,neutral,34,6
5SrdBnqiK5c,UgyefRpL8IWBplQtBBx4AaABAg,Deutschland Wehrmacht News is in overdrive.,@socceramerica3777,2026-01-31 20:23:28+00:00,2,0,deutschland wehrmacht news is in overdrive.,deutschland wehrmacht news overdrive .,0.0,0.0,neutral,43,6
5SrdBnqiK5c,UgzjchfMFVnPErLaAv94AaABAg,Young gerry adams doing news,@hiya99990,2026-01-31 18:08:25+00:00,0,0,young gerry adams doing news,young gerry adams news,0.1,0.4,neutral,28,5
5SrdBnqiK5c,UgxraJCLCRV7PUcRfg54AaABAg,Ha ha ha ha ha UKRAINE IS WINNING 😂😂😂,@FANFACTS,2026-01-31 18:49:26+00:00,17,3,ha ha ha ha ha ukraine is winning,ha ha ha ha ha ukraine winning,0.5,0.75,positive,37,9
5SrdBnqiK5c,Ugzpc1e67rQreHeMVSx4AaABAg,How can you punish your family when you have so much in common. Russia very good of you to be patient with your cousins in Ukraine. It's just the west that are using the Ukrainians to spite the Russians.,@hermandee-cn5vc,2026-01-31 20:00:40+00:00,6,4,how can you punish your family when you have so much in common. russia very good of you to be patient with your cousins in ukraine. its just the west that are using the ukrainians to spite the russians.,punish family much common . russia good patient cousins ukraine . west using ukrainians spite russians .,0.30499999999999994,0.6400000000000001,positive,203,39
5SrdBnqiK5c,Ugwp6SaJNVsUPp__7Md4AaABAg,So Russia has kept their promises.,@DtFt-th4ec,2026-01-31 17:29:08+00:00,14,4,so russia has kept their promises.,russia kept promises .,0.0,0.0,neutral,34,6
5SrdBnqiK5c,Ugx48Vau4Ul6hWkTBoJ4AaABAg,The game changers brought Ukraine to its knees 😂😂😂😂,@Dslfd,2026-01-31 17:35:57+00:00,29,5,the game changers brought ukraine to its knees,game changers brought ukraine knees,-0.4,0.4,negative,51,9
5SrdBnqiK5c,Ugy10zDrMQJKZeIejEZ4AaABAg,"A temporary halt during extreme cold makes sense on a humanitarian level.What’s interesting is that even in active conflict, both sides still respond to certain limits.That says something about how escalation is managed.",@civic-analysis,2026-02-01 00:38:27+00:00,0,0,a temporary halt during extreme cold makes sense on a humanitarian level.whats interesting is that even in active conflict both sides still respond to certain limits.that says something about how escalation is managed.,temporary halt extreme cold makes sense humanitarian level.whats interesting even active conflict sides still respond certain limits.that says something escalation managed .,-0.028809523809523802,0.7342857142857143,neutral,220,33
5SrdBnqiK5c,Ugx5NsOOyeLY6n_gM6R4AaABAg,so lavrov said that EU and Ukraine didn`t want peace !,@knudlarsen-k9j,2026-01-31 17:52:17+00:00,9,3,so lavrov said that eu and ukraine didnt want peace !,lavrov said eu ukraine didnt want peace !,0.0,0.0,neutral,54,11
5SrdBnqiK5c,UgyedrI2Xbb59bw8OyJ4AaABAg,Trump claims to be from the same stable as Putin and neither one can be trusted,@RebeLDronE5.0,2026-01-31 21:47:31+00:00,2,0,trump claims to be from the same stable as putin and neither one can be trusted,trump claims stable putin neither one trusted,0.0,0.125,neutral,79,16
5SrdBnqiK5c,UgzM1-eUp5Eqx7KBrkZ4AaABAg,Meanwhile Zelensky is sitting in a Heated luxury room. Zelensky doesn't want this war to end as he's laundering money due to this war and is in charge of the country till this war ends. Common Ukrainian people are dying and Europe's money is going into this useless war and Zelensky's bank account while Putin's laughing from the Kremlin with his oil and natural resources.,@Scotland_Celtic,2026-01-31 20:13:19+00:00,26,3,meanwhile zelensky is sitting in a heated luxury room. zelensky doesnt want this war to end as hes laundering money due to this war and is in charge of the country till this war ends. common ukrainian people are dying and europes money is going into this useless war and zelenskys bank account while putins laughing from the kremlin with his oil and natural resources.,meanwhile zelensky sitting heated luxury room . zelensky doesnt want war end hes laundering money due war charge country till war ends . common ukrainian people dying europes money going useless war zelenskys bank account putins laughing kremlin oil natural resources .,-0.20625000000000002,0.36875,negative,373,65
5SrdBnqiK5c,UgwDkd0Ez_i0Sqz8L1V4AaABAg,This is crazy. Just stop this war.,@victor1491,2026-02-01 07:07:32+00:00,0,0,this is crazy. just stop this war.,crazy . stop war .,-0.6,0.9,negative,34,7
5SrdBnqiK5c,UgzUs4vjDSQbzQecC1p4AaABAg,"Ukraine will have blackouts, for as long as it takes",@trqster,2026-02-01 01:29:27+00:00,2,0,ukraine will have blackouts for as long as it takes,ukraine blackouts long takes,-0.05,0.4,neutral,52,10
5SrdBnqiK5c,UgybvPbAPh-x2c4ms354AaABAg,"Zelensky, the EU and UK want the war to continue on their terms only.",@AnotherView-g2o,2026-01-31 23:49:46+00:00,2,0,zelensky the eu and uk want the war to continue on their terms only.,zelensky eu uk want war continue terms .,0.0,1.0,neutral,69,14
5SrdBnqiK5c,UgxfJjJxK9wIlTAmKAd4AaABAg,SUPER RUSIA MOR MOR,@sivasami8428,2026-01-31 18:46:57+00:00,6,0,super rusia mor mor,super rusia mor mor,0.3333333333333333,0.6666666666666666,positive,19,4
5SrdBnqiK5c,UgzS4rByYdBB-TwUT0N4AaABAg,Mr Putin Don't Stop attacking,@asifpasha5268,2026-01-31 18:41:56+00:00,14,9,mr putin dont stop attacking,mr putin dont stop attacking,0.0,0.0,neutral,29,5
5SrdBnqiK5c,Ugyaj-jiqnVlIK1O6C54AaABAg,"Russia actually using American tactics which it used against Serbia in 1999.

Ukraine stay neutral .
No Nato
Give eastern ukraine to Russia
Take Peace",@mrdilan2010,2026-01-31 22:37:31+00:00,24,0,russia actually using american tactics which it used against serbia in 1999. ukraine stay neutral . no nato give eastern ukraine to russia take peace,russia actually using american tactics used serbia 1999. ukraine stay neutral . nato give eastern ukraine russia take peace,0.0,0.05,neutral,150,25
5SrdBnqiK5c,UgyuNdgMTfdv196zaVZ4AaABAg,"Ukraine, do not believe the two men of lawlessness!",@exittruth4,2026-02-01 02:03:02+00:00,1,0,ukraine do not believe the two men of lawlessness!,ukraine believe two men lawlessness !,0.0,0.0,neutral,51,9
5SrdBnqiK5c,UgzvKSTBmhQpRF_rgm94AaABAg,Europe got played by the USA.,@Shining237,2026-01-31 17:43:01+00:00,8,1,europe got played by the usa.,europe got played usa .,0.0,0.0,neutral,29,6
5SrdBnqiK5c,UgybpYAKn5aqyCqb2oB4AaABAg,Russia keep the promise not to attack energy sector as promise but the other sector.. Just sign those peace deal,@crushnevnikita8575,2026-01-31 17:35:21+00:00,7,1,russia keep the promise not to attack energy sector as promise but the other sector.. just sign those peace deal,russia keep promise attack energy sector promise sector .. sign peace deal,-0.125,0.375,negative,112,20
5SrdBnqiK5c,UgzXCwU0d7qC-D7FBC94AaABAg,Zelensky should thank Russia for accepting the pause nor America,@shareadkalimbo2121,2026-02-01 00:36:52+00:00,1,0,zelensky should thank russia for accepting the pause nor america,zelensky thank russia accepting pause america,0.0,0.0,neutral,64,10
5SrdBnqiK5c,UgyLomjqIRyU0eH2tt14AaABAg,Pause to re-load,@narutovsonepiece8619,2026-01-31 19:51:03+00:00,0,1,pause to reload,pause reload,0.0,0.0,neutral,16,3
5SrdBnqiK5c,Ugx5N_8-rIDDsBOCvSh4AaABAg,Zelensky is a joke..,@sandeepnair3862,2026-01-31 18:38:46+00:00,12,12,zelensky is a joke..,zelensky joke ..,0.0,0.0,neutral,20,4
5SrdBnqiK5c,UgyMdh7AOU74014LWmt4AaABAg,"Meanwhile, Zelensky is sitting down to a nice steak dinner.",@William1866,2026-01-31 18:55:10+00:00,11,0,meanwhile zelensky is sitting down to a nice steak dinner.,meanwhile zelensky sitting nice steak dinner .,0.2222222222222222,0.6444444444444445,positive,59,10
5SrdBnqiK5c,UgzF11j0YydgoH3jE5d4AaABAg,Why do you talk with a war criminal dictator who kills women and children on a daily basis for years ?,@randylee8334,2026-02-01 00:22:17+00:00,1,0,why do you talk with a war criminal dictator who kills women and children on a daily basis for years ?,talk war criminal dictator kills women children daily basis years ?,-0.2,0.275,negative,102,21
5SrdBnqiK5c,UgzWBsOVxrRKanybFrp4AaABAg,A permanent ceasefire is needed between Ukraine and Russia,@hardeepchaudhary893,2026-01-31 17:34:56+00:00,5,2,a permanent ceasefire is needed between ukraine and russia,permanent ceasefire needed ukraine russia,0.0,0.0,neutral,58,9
J4SKGZx1nYs,Ugwcq4XYFknHCTkOynt4AaABAg,"So they need to feel way more “fatigue” to understand that stealing and kllng is wrong, yeah?
Noted",@CaptainPicard-m1t4t,2026-01-31 18:09:49+00:00,29,5,so they need to feel way more fatigue to understand that stealing and kllng is wrong yeah? noted,need feel way fatigue understand stealing kllng wrong yeah ? noted,0.0,0.7,neutral,99,18
J4SKGZx1nYs,Ugz-H-jXQWFiA_26ZtN4AaABAg,Reporters without Borders gives them a ranking of 175 out of 180 countries rated.  Polling Russians will get you nothing but the government's viewpoint.,@peterhoulihan3960,2026-01-31 19:14:30+00:00,11,0,reporters without borders gives them a ranking of 175 out of 180 countries rated. polling russians will get you nothing but the governments viewpoint.,reporters without borders gives ranking 175 180 countries rated . polling russians get nothing governments viewpoint .,0.0,0.0,neutral,152,24
J4SKGZx1nYs,Ugy000xHEUNpTsPbiL54AaABAg,"In any other time period I would never believe that the US president would help another country capitulate to Putin, but unfortunately we're in this time period and we just know what tf he'll do",@Anty2004,2026-01-31 20:14:45+00:00,7,0,in any other time period i would never believe that the us president would help another country capitulate to putin but unfortunately were in this time period and we just know what tf hell do,time period would never believe us president would help another country capitulate putin unfortunately time period know tf hell,-0.3125,0.6875,negative,194,35
J4SKGZx1nYs,UgwvW5xylyPcs795xel4AaABAg,Was zum Teufel wollen diese 60% der Russen mit diesem relativ winzigen Land? Russland ist das flächenmäßig größte Land der Welt und hat Bodenschätze ohne Ende. Außerdem gilt völkerrechtlich die Unverletzbarkeit der Grenzen. Kommt dann demnächst China und möchte einen Teil von Russland? Warum kommt man offenbar nur mit Gewalt gegen Dummheit und Asozialität an?,@Geflügelrolle,2026-01-31 17:18:41+00:00,17,7,was zum teufel wollen diese 60 der russen mit diesem relativ winzigen land? russland ist das flächenmäßig größte land der welt und hat bodenschätze ohne ende. außerdem gilt völkerrechtlich die unverletzbarkeit der grenzen. kommt dann demnächst china und möchte einen teil von russland? warum kommt man offenbar nur mit gewalt gegen dummheit und asozialität an?,zum teufel wollen diese 60 der russen mit diesem relativ winzigen land ? russland ist das flächenmäßig größte land der welt und hat bodenschätze ohne ende . außerdem gilt völkerrechtlich die unverletzbarkeit der grenzen . kommt dann demnächst china und möchte einen teil von russland ? warum kommt man offenbar nur mit gewalt gegen dummheit und asozialität ?,0.0,0.0,neutral,361,55
J4SKGZx1nYs,Ugza-85_L1BNfZdAzEl4AaABAg,"It depends from polls. Russia is not democratic country, people say what they need to say to survive not what they really mean. I'm not sure if I would believe these polls.",@loveyourworkout126,2026-01-31 20:10:42+00:00,2,0,it depends from polls. russia is not democratic country people say what they need to say to survive not what they really mean. im not sure if i would believe these polls.,depends polls . russia democratic country people say need say survive really mean . im sure would believe polls .,-0.28125,0.7881944444444444,negative,172,32
J4SKGZx1nYs,UgyR6hb3-2oKjp7IVn54AaABAg,Even for Russians relying on Trump is risky,@Milo_Reacher,2026-02-01 10:33:21+00:00,1,0,even for russians relying on trump is risky,even russians relying trump risky,0.0,0.0,neutral,43,8
J4SKGZx1nYs,UgyUUoZtD_qumasKIVV4AaABAg,Don’t give Russia an inch. They want peace? Then they should evacuate from the Donbas and Crimea!,@daltongalloway,2026-01-31 17:16:38+00:00,17,4,dont give russia an inch. they want peace? then they should evacuate from the donbas and crimea!,dont give russia inch . want peace ? evacuate donbas crimea !,0.0,0.0,neutral,97,17
J4SKGZx1nYs,Ugz2hUcBtN-PmqLUYBl4AaABAg,"Well, just like all americans, be ready to be disappointed russia.",@Richard-r2o4j,2026-01-31 23:59:09+00:00,0,0,well just like all americans be ready to be disappointed russia.,well like americans ready disappointed russia .,-0.275,0.625,negative,66,11
J4SKGZx1nYs,Ugy6w8KrsHuVCFr_Cu94AaABAg,"They should keep dreaming, their progress is not what they expect.",@WebsterPrince,2026-01-31 19:33:38+00:00,2,0,they should keep dreaming their progress is not what they expect.,keep dreaming progress expect .,0.0,0.0,neutral,66,11
J4SKGZx1nYs,UgyDUHL_pK27NzbkXlx4AaABAg,Putin is king.,@Rottenjuice-m8v,2026-01-31 23:38:40+00:00,2,1,putin is king.,putin king .,0.0,0.0,neutral,14,3
J4SKGZx1nYs,UgxmbmQC3NK7-jJs6Ut4AaABAg,"F it 
We live in new world 🌎 
Ukraine to Russia, Greenland and Venezuela to the US.",@90bejay,2026-02-01 11:39:00+00:00,0,0,f it we live in new world ukraine to russia greenland and venezuela to the us.,f live new world ukraine russia greenland venezuela us .,0.13636363636363635,0.4772727272727273,positive,83,17
J4SKGZx1nYs,UgxNkhubY_FYh5XKr5V4AaABAg,Ukraine is winning🤣⛹️🪤,@zoranmrdjenovic8127,2026-02-01 06:27:14+00:00,2,1,ukraine is winning,ukraine winning,0.5,0.75,positive,22,3
J4SKGZx1nYs,Ugw7aZA_xyMzMNxOg0N4AaABAg,Why would Russia give land to Ukraine. They lost to Russia. Land belongs to Russia. They lost man power in it. Ukraine's should surrender.,@unknoest,2026-01-31 22:00:51+00:00,3,1,why would russia give land to ukraine. they lost to russia. land belongs to russia. they lost man power in it. ukraines should surrender.,would russia give land ukraine . lost russia . land belongs russia . lost man power . ukraines surrender .,0.0,0.0,neutral,138,24
89suEOSF0lc,Ugz8I2IU5AFF0U6B6aF4AaABAg,Rusia has tbc and alcohol epidemics,@stefan-vasileionita2510,2026-01-31 15:29:56+00:00,4,0,rusia has tbc and alcohol epidemics,rusia tbc alcohol epidemics,0.0,0.0,neutral,35,6
89suEOSF0lc,UgzAPrVGC-PAcDExaoV4AaABAg,From my info,@stefan-vasileionita2510,2026-01-31 15:30:10+00:00,0,0,from my info,info,0.0,0.0,neutral,12,3
89suEOSF0lc,UgwV-kpf9Hs8mnEX76p4AaABAg,"Thank them atleast they're not using their Su30 or Su57 kind of jets... they don't want to really capture Ukraine..... they can do it in matter of days if they want to. They're doing this to threaten NATO, which they already did now. Look how NATO is dispersed as we're talking. US is about to take NATO's territory,  what can EU do?",@yash_5threalm,2026-02-01 00:12:39+00:00,0,0,thank them atleast theyre not using their su30 or su57 kind of jets... they dont want to really capture ukraine..... they can do it in matter of days if they want to. theyre doing this to threaten nato which they already did now. look how nato is dispersed as were talking. us is about to take natos territory what can eu do?,thank atleast theyre using su30 su57 kind jets ... dont want really capture ukraine ..... matter days want . theyre threaten nato already . look nato dispersed talking . us take natos territory eu ?,0.4,0.55,positive,333,62
89suEOSF0lc,UgzZYekGqwQD79Whr994AaABAg,"This… and the media is largely to blame for this narrative that Russia is big and strong. They are cruel and desperate, difference.",@Primenumber19,2026-01-31 13:57:23+00:00,4,1,this and the media is largely to blame for this narrative that russia is big and strong. they are cruel and desperate difference.,media largely blame narrative russia big strong . cruel desperate difference .,-0.19047619047619047,0.6523809523809524,negative,131,23
89suEOSF0lc,Ugxu3hm2Idyo_G-fnJZ4AaABAg,Then why is Europe to scared to do anything for Ukraine?  Stand up to Putin.,@simondalton3726,2026-02-01 11:05:44+00:00,0,0,then why is europe to scared to do anything for ukraine? stand up to putin.,europe scared anything ukraine ? stand putin .,0.0,0.0,neutral,76,15
89suEOSF0lc,UgxmqXhS87D_yYkCNX14AaABAg,Dude has to lay off whatever he’s smoking.,@HOTSHTMAN53,2026-02-01 04:05:38+00:00,1,0,dude has to lay off whatever hes smoking.,dude lay whatever hes smoking .,0.0,0.0,neutral,42,8
89suEOSF0lc,UgzsdUe2zFt7RmCta7t4AaABAg,Very poor Russia soldiers why are u afraid to send ur Almighty army to fight them in Ukraine,@Bassoo-Tv,2026-01-31 15:57:56+00:00,2,2,very poor russia soldiers why are u afraid to send ur almighty army to fight them in ukraine,poor russia soldiers u afraid send ur almighty army fight ukraine,-0.56,0.8400000000000001,negative,92,18
89suEOSF0lc,Ugxu0Xdqz91nXsQOtCp4AaABAg,Is this the same guy who said that acne has no effect on skin ?,@Mokran06,2026-01-31 14:43:17+00:00,2,0,is this the same guy who said that acne has no effect on skin ?,guy said acne effect skin ?,0.0,0.125,neutral,63,15
89suEOSF0lc,UgzAHtTHkeoJ0tjPTkB4AaABAg,Russia is done,@richardgrimbleby7853,2026-01-31 13:10:32+00:00,6,0,russia is done,russia done,0.0,0.0,neutral,14,3
89suEOSF0lc,UgyvAABVTUT1JnC7RTd4AaABAg,Then why this german is talking about Russia 😂😂😂,@An1Kum,2026-01-31 21:45:46+00:00,0,0,then why this german is talking about russia,german talking russia,0.0,0.0,neutral,48,9
89suEOSF0lc,Ugz_8I2UCOEj5D9mbyV4AaABAg,"Bull shi# Russia has be very restrained,, WHY ?????? 
Because RUSSIA KNOWS  Europe is BANKRUPT, EUROPE IS ALL MEETINGS and Talk, they can't afford to help UKRAINE",@richardparrott1195,2026-02-01 00:05:33+00:00,1,0,bull shi russia has be very restrained why ?????? because russia knows europe is bankrupt europe is all meetings and talk they cant afford to help ukraine,bull shi russia restrained ? ? ? ? ? ? russia knows europe bankrupt europe meetings talk cant afford help ukraine,0.2,0.3,positive,162,27
89suEOSF0lc,UgxjWsg8QeUb4iK9iPF4AaABAg,"This man has face skin made from Moon’s surface pattern 😂 
Meteor strikes off million year",@Nirvana007-v1h,2026-02-01 05:55:56+00:00,0,0,this man has face skin made from moons surface pattern meteor strikes off million year,man face skin made moons surface pattern meteor strikes million year,0.0,0.0,neutral,90,16
89suEOSF0lc,UgxtIVJ1a4Vhk9d8Ek54AaABAg,How big is German army ? Atleast Russia is not under occupation of U.S. like Germany 😂,@Righteous-m7s,2026-01-31 14:00:34+00:00,2,3,how big is german army ? atleast russia is not under occupation of u.s. like germany,big german army ? atleast russia occupation u.s. like germany,0.0,0.05,neutral,86,17
89suEOSF0lc,Ugzf0vRwuflgfN2t7gB4AaABAg,Spewing nonsense !,@p-ind-0,2026-01-31 15:32:02+00:00,1,1,spewing nonsense !,spewing nonsense !,0.0,0.0,neutral,18,3
89suEOSF0lc,UgyvK5zYGQkQiz69kct4AaABAg,Germany should hide in shame.,@cosmos99ify,2026-01-31 14:29:47+00:00,2,0,germany should hide in shame.,germany hide shame .,0.0,0.0,neutral,29,5
1QsZnMTiPeg,UgwJjt2VC_prDkBgl4t4AaABAg,Shouldnt have stopped the missile barrage the last time,@JojoJoget,2026-01-30 01:34:39+00:00,43,10,shouldnt have stopped the missile barrage the last time,shouldnt stopped missile barrage last time,0.0,0.06666666666666667,neutral,55,9
1QsZnMTiPeg,Ugz-dp9l88vx4P-EFdd4AaABAg,same news played out since last one week.  It seems there's no other pertinent news that they can report.,@prjs-65,2026-01-30 04:11:29+00:00,14,1,same news played out since last one week. it seems theres no other pertinent news that they can report.,news played since last one week . seems theres pertinent news report .,0.020833333333333332,0.18888888888888888,neutral,105,19
1QsZnMTiPeg,UgxOZNmDr7U0EWr8Txh4AaABAg,This repetition of old news. Nothing has happened.,@rendezyt,2026-01-30 01:42:13+00:00,5,0,this repetition of old news. nothing has happened.,repetition old news . nothing happened .,0.1,0.2,neutral,50,8
1QsZnMTiPeg,Ugx-Vh5OXit0rFUxmfp4AaABAg,"The attack on Iran was suspended last June because Israel's golden dome was running low on defensive missiles. I'm guessing it's restocked now so time to resume, for whatever flimsy excuse the US comes up with.",@William1866,2026-01-30 02:02:43+00:00,20,4,the attack on iran was suspended last june because israels golden dome was running low on defensive missiles. im guessing its restocked now so time to resume for whatever flimsy excuse the us comes up with.,attack iran suspended last june israels golden dome running low defensive missiles . im guessing restocked time resume whatever flimsy excuse us comes .,0.0625,0.22916666666666669,neutral,210,36
1QsZnMTiPeg,UgyADvMcP-rJm3vdiSx4AaABAg,Every thing is  for mid term election,@AngelsArmy-i2s,2026-01-30 15:55:06+00:00,1,0,every thing is for mid term election,every thing mid term election,0.0,0.0,neutral,37,7
1QsZnMTiPeg,UgxIvP6rXDZgH1hrgH54AaABAg,So here is where EU forgets all their whining about international law and state sovereignty....hahahahaha!,@FM-ln2sb,2026-01-30 01:38:19+00:00,90,13,so here is where eu forgets all their whining about international law and state sovereignty....hahahahaha!,eu forgets whining international law state sovereignty .... hahahahaha !,0.0,0.0,neutral,106,15
1QsZnMTiPeg,UgyXzN5KXjGnYN8rCRd4AaABAg,"Trump finds every excuse to bomb Iran, first was ""dont kill the protesters"" and now ""nuclear deal"".",@longdistance5591,2026-01-30 04:03:30+00:00,1,0,trump finds every excuse to bomb iran first was dont kill the protesters and now nuclear deal.,trump finds every excuse bomb iran first dont kill protesters nuclear deal .,0.1,0.19166666666666665,neutral,99,17
1QsZnMTiPeg,UgzQw5HyLv0YxeB8rbB4AaABAg,"'What does the US think about us putting those bad Iran guys on our Very Naughty List? We're very proud of ourselves.'
That's what I heard.",@pretoasted,2026-01-30 01:18:33+00:00,7,3,what does the us think about us putting those bad iran guys on our very naughty list? were very proud of ourselves. thats what i heard.,us think us putting bad iran guys naughty list ? proud . thats heard .,0.03500000000000003,0.8888888888888888,neutral,139,26
1QsZnMTiPeg,Ugy6Phc9IpSuBRBorpd4AaABAg,I think our leader and theirs should have a wrasslin’ match on the White House Lawn,@gregoryallen6816,2026-01-30 03:54:54+00:00,1,0,i think our leader and theirs should have a wrasslin match on the white house lawn,think leader wrasslin match white house lawn,0.0,0.0,neutral,83,16
1QsZnMTiPeg,Ugy7Bjr7AdbyeN-QZll4AaABAg,the immovable object encounters the irresistible force and then what……sparks or worse,@gregoryallen6816,2026-01-30 03:51:26+00:00,1,0,the immovable object encounters the irresistible force and then whatsparks or worse,immovable object encounters irresistible force whatsparks worse,-0.4,0.6,negative,85,12
1QsZnMTiPeg,UgzaqCuUMvafIjwo9B94AaABAg,iran has good fire power too,@kahangyekagwar,2026-01-30 12:11:42+00:00,2,0,iran has good fire power too,iran good fire power,0.7,0.6000000000000001,positive,28,6
1QsZnMTiPeg,UgxYWo8VXKpJmTNYq1J4AaABAg,What so international law does not apply? US and EU need to look at themselves. West never seems to learn their lesson.,@Kiwiadventurerandoverlander,2026-01-30 06:15:23+00:00,2,0,what so international law does not apply? us and eu need to look at themselves. west never seems to learn their lesson.,international law apply ? us eu need look . west never seems learn lesson .,0.0,0.0,neutral,119,22
1QsZnMTiPeg,UgztTJvC4j86Ubdz0FV4AaABAg,It was wrong for Iran to seek peace the last time. They just gave them time to reload. This won’t stop just keep on degrading its defences like saddam Hussein,@usamasiddiqui8068,2026-01-30 01:13:05+00:00,16,4,it was wrong for iran to seek peace the last time. they just gave them time to reload. this wont stop just keep on degrading its defences like saddam hussein,wrong iran seek peace last time . gave time reload . wont stop keep degrading defences like saddam hussein,-0.25,0.48333333333333334,negative,158,30
1QsZnMTiPeg,UgxFL__IDmStA0sVOm54AaABAg,"General Keane I trust the most on this subject. David Petraeus's public silence I can hear. 
Petraeus is another voice I even trust more.",@bro_dBow,2026-01-30 00:56:33+00:00,5,0,general keane i trust the most on this subject. david petraeuss public silence i can hear. petraeus is another voice i even trust more.,general keane trust subject . david petraeuss public silence hear . petraeus another voice even trust .,0.1766666666666667,0.38,positive,137,24
1QsZnMTiPeg,Ugxo5rmyHswS76Z6Ixx4AaABAg,Anglos will lose this war,@hitter1875,2026-01-30 09:40:27+00:00,3,0,anglos will lose this war,anglos lose war,0.0,0.0,neutral,25,5
1QsZnMTiPeg,UgwuJRae1sKG4xYbu3x4AaABAg,"If Iran strike Abraham Lincoln with hundred drones followed by supersonic missiles, what will be the results?",@jamshaidkhan5905,2026-01-30 09:40:31+00:00,2,0,if iran strike abraham lincoln with hundred drones followed by supersonic missiles what will be the results?,iran strike abraham lincoln hundred drones followed supersonic missiles results ?,0.0,0.0,neutral,109,17
1QsZnMTiPeg,UgwVPLTRQ13W7gXe0V14AaABAg,Iran bought EMP’s rockets in case the usa uses sonic weapons on them 😮😮😮😮😮😮,@TopBrigader0211,2026-01-30 04:01:01+00:00,1,0,iran bought emps rockets in case the usa uses sonic weapons on them,iran bought emps rockets case usa uses sonic weapons,0.0,0.0,neutral,75,14
1QsZnMTiPeg,UgxX3RM7Jv1Z62I9Fbd4AaABAg,😂😂😂 damn liers,@AhmadJalloh-k2e3w,2026-01-30 01:33:05+00:00,9,0,damn liers,damn liers,0.0,0.0,neutral,14,3
1QsZnMTiPeg,UgzJHfiJI7tj-Betwgp4AaABAg,"Trump is in huge doubt whether he can win the war or or not. Even if US win, it will bear unreasonable cost",@aanandika9975,2026-01-30 01:37:00+00:00,19,8,trump is in huge doubt whether he can win the war or or not. even if us win it will bear unreasonable cost,trump huge doubt whether win war . even us win bear unreasonable cost,0.6666666666666666,0.5666666666666668,positive,107,23
1QsZnMTiPeg,UgwMXjDKvzxc3GW7I614AaABAg,"What stands out isn’t the warning itself,but how response is defined in advance while decisions are indefinitely postponed.",@civic-analysis,2026-01-30 00:54:37+00:00,2,1,what stands out isnt the warning itselfbut how response is defined in advance while decisions are indefinitely postponed.,stands isnt warning itselfbut response defined advance decisions indefinitely postponed .,0.0,0.0,neutral,123,18
1QsZnMTiPeg,UgzCMjuqdXRnlZ5Yeld4AaABAg,Nonsense. Regime change has been the objective for over 45 years and remains the goal regardless of what they do.,@rouz0,2026-01-30 01:11:50+00:00,30,2,nonsense. regime change has been the objective for over 45 years and remains the goal regardless of what they do.,nonsense . regime change objective 45 years remains goal regardless .,0.0,0.1,neutral,113,20
1QsZnMTiPeg,UgyQBA2RmYZ_nOfO7GV4AaABAg,They won't do it not untill after the mid terms,@wekswanyo809,2026-01-30 05:05:08+00:00,1,0,they wont do it not untill after the mid terms,wont untill mid terms,0.0,0.0,neutral,47,10
1QsZnMTiPeg,UgzLnDVO2A25KtPSo-d4AaABAg,Bookie gave me fantastic odds on Iran winning this one,@HAROLDMOON-g2m,2026-01-30 00:57:24+00:00,40,3,bookie gave me fantastic odds on iran winning this one,bookie gave fantastic odds iran winning one,0.45,0.825,positive,54,10
1QsZnMTiPeg,UgxAJLKxPFvI9fWpIBZ4AaABAg,😂😂😂😂lmao me too. Looks like Maxaley Caulking.  Knock knock...,@klausjambor1897,2026-01-30 12:38:29+00:00,0,0,lmao me too. looks like maxaley caulking. knock knock...,lmao . looks like maxaley caulking . knock knock ...,0.6,1.0,positive,61,9
1QsZnMTiPeg,Ugzuz9z558HEvb1l66x4AaABAg,tourist in middle east? are you crazy?,@amateur_adventurist,2026-01-30 21:44:42+00:00,0,0,tourist in middle east? are you crazy?,tourist middle east ? crazy ?,-0.3,0.45,negative,38,7
1QsZnMTiPeg,UgzywkcSy_WZzYIrEoB4AaABAg,U guys had same headline yesterday,@herbertsiegl7762,2026-01-30 06:45:47+00:00,0,0,u guys had same headline yesterday,u guys headline yesterday,0.0,0.125,neutral,34,6
1QsZnMTiPeg,UgzDnweYwCN4AuIJ5094AaABAg,"What??, if you can Response,  killer regime",@panaypro1578,2026-01-30 03:25:14+00:00,1,0,what?? if you can response killer regime,? ? response killer regime,0.0,0.0,neutral,43,7
1QsZnMTiPeg,UgzHC0APn_8Xtu3GcIF4AaABAg,We're not talking about Epstein.,@jasondeardorff,2026-01-30 02:20:55+00:00,38,4,were not talking about epstein.,talking epstein .,0.0,0.0,neutral,32,5
1QsZnMTiPeg,Ugx6XtFMvopF3iUMjpF4AaABAg,"🤪🤪🤪    al-julani ≡ al-sharaa ⬅ I hope that one of the ""heads"" of the u.n. is having a ""spot of tea"" and enjoying itself?   🤗",@KevinRWatts,2026-01-30 09:18:04+00:00,1,0,aljulani alsharaa i hope that one of the heads of the u.n. is having a spot of tea and enjoying itself?,aljulani alsharaa hope one heads u.n. spot tea enjoying ?,0.5,0.6,positive,124,25
1QsZnMTiPeg,Ugy_m3DodZ2LuyN2P1h4AaABAg,Too much  warnings  let this war begin,@ENG.Kelvin,2026-01-30 05:02:38+00:00,0,0,too much warnings let this war begin,much warnings let war begin,0.2,0.2,positive,38,7
1QsZnMTiPeg,UgyOhyG9FVmtHHW0CnB4AaABAg,Did Venezuela said that Too??,@BarabbasTrump,2026-01-30 02:44:04+00:00,1,0,did venezuela said that too??,venezuela said ? ?,0.0,0.0,neutral,29,5
1QsZnMTiPeg,Ugx_QDCAtD8-VJFU62J4AaABAg,So the nuclear deal is the main reason!!! Because they failed last year.,@jewel.pervez,2026-01-30 06:36:02+00:00,0,0,so the nuclear deal is the main reason!!! because they failed last year.,nuclear deal main reason ! ! ! failed last year .,-0.058159722222222245,0.2333333333333333,neutral,72,13
1QsZnMTiPeg,Ugy2n92-lwWuuWad-Hp4AaABAg,Peace should prevail otherwise this may not be like venezuela case.,@aaronzulu8706,2026-01-30 02:49:22+00:00,0,0,peace should prevail otherwise this may not be like venezuela case.,peace prevail otherwise may like venezuela case .,0.0,0.0,neutral,67,11
1QsZnMTiPeg,UgyF3mMv2A0CoNci7KZ4AaABAg,The only thing Trump is waiting for is orders from Tel Aviv.,@RodneySlinger,2026-01-30 01:40:51+00:00,41,2,the only thing trump is waiting for is orders from tel aviv.,thing trump waiting orders tel aviv .,0.0,1.0,neutral,60,12
1QsZnMTiPeg,UgzKF5DeHcsiCPwnArN4AaABAg,This actually should give Iran a good reason to accelerate its nuclear program. Look now nobody's attacking North Korea 😂,@ZeAGlenShay,2026-01-30 01:38:12+00:00,40,13,this actually should give iran a good reason to accelerate its nuclear program. look now nobodys attacking north korea,actually give iran good reason accelerate nuclear program . look nobodys attacking north korea,0.35,0.35000000000000003,positive,121,20
1QsZnMTiPeg,UgxirzqcKPvIiDTaD6h4AaABAg,No US troops on the ground,@RacerX1971,2026-01-30 02:48:01+00:00,0,0,no us troops on the ground,us troops ground,0.0,0.0,neutral,26,6
1QsZnMTiPeg,UgzJzoJMgkYX9vNGUTd4AaABAg,This is the consequences of not checking unbridled power. Tyrant's emerge.,@patrickcowan8701,2026-01-30 02:31:50+00:00,0,0,this is the consequences of not checking unbridled power. tyrants emerge.,consequences checking unbridled power . tyrants emerge .,0.0,0.0,neutral,74,11
1QsZnMTiPeg,Ugy9bfBGmHbRx7RGf4N4AaABAg,Iran may damage or destroy some US weapons but it would cost them their country !,@handsandpaws1027,2026-01-30 04:52:06+00:00,3,1,iran may damage or destroy some us weapons but it would cost them their country !,iran may damage destroy us weapons would cost country !,-0.25,0.0,negative,81,16
1QsZnMTiPeg,Ugwl4lu2K-2nCfSSqVl4AaABAg,"I dont think Trump will take military action against Iran regime. He only talk, no action.",@donweerasiri3770,2026-01-30 02:06:33+00:00,1,0,i dont think trump will take military action against iran regime. he only talk no action.,dont think trump take military action iran regime . talk action .,-0.0125,0.325,neutral,90,16
1QsZnMTiPeg,UgxJw4_TefbCpw8HPEF4AaABAg,"Iranian here from within iran. Its all about balcanize iran or libia or iraq. I hope trump wont start ww3. You help iranian people with samction enough, we dont need war as cherry on the top , i hope for peace",@Funimation_Per,2026-01-30 05:30:01+00:00,0,0,iranian here from within iran. its all about balcanize iran or libia or iraq. i hope trump wont start ww3. you help iranian people with samction enough we dont need war as cherry on the top i hope for peace,iranian within iran . balcanize iran libia iraq . hope trump wont start ww3 . help iranian people samction enough dont need war cherry top hope peace,0.25,0.5,positive,209,41
1QsZnMTiPeg,UgxgOkW-J8oGMNot67h4AaABAg,I know we want to focus on securing our own hemisphere but this is a once in a lifetime opportunity to eliminate one of the biggest forces of evil on the planet,@aries816,2026-01-30 03:44:28+00:00,8,4,i know we want to focus on securing our own hemisphere but this is a once in a lifetime opportunity to eliminate one of the biggest forces of evil on the planet,know want focus securing hemisphere lifetime opportunity eliminate one biggest forces evil planet,-0.2,1.0,negative,160,32
1QsZnMTiPeg,UgyCAN6evNKfGO755xd4AaABAg,The beatings will continue until morale improves.,@guybeingaguy,2026-01-30 01:51:14+00:00,1,1,the beatings will continue until morale improves.,beatings continue morale improves .,0.0,0.0,neutral,49,7
1QsZnMTiPeg,UgzyH4Dn0CY-rQ5bl0x4AaABAg,Tryna get that Nobel War Prize,@chm2,2026-01-30 18:00:22+00:00,0,0,tryna get that nobel war prize,tryna get nobel war prize,0.0,0.0,neutral,30,6
1QsZnMTiPeg,UgwJTKUOX_jRCjFHJUJ4AaABAg,This is it for Iran! Would they go down with a fierce battle or will they simply surrender? They were already attacked a few months ago. They only have one more chance to fight for their beliefs or surrender their resources.,@sudacaenny,2026-01-30 03:32:05+00:00,0,0,this is it for iran! would they go down with a fierce battle or will they simply surrender? they were already attacked a few months ago. they only have one more chance to fight for their beliefs or surrender their resources.,iran ! would go fierce battle simply surrender ? already attacked months ago . one chance fight beliefs surrender resources .,0.028888888888888888,0.4492063492063492,neutral,224,41
1QsZnMTiPeg,Ugz0TR1OeBp1-2vUbgR4AaABAg,Trump never keeps his deals or his word.,@62Cristoforo,2026-01-30 01:37:07+00:00,0,0,trump never keeps his deals or his word.,trump never keeps deals word .,0.0,0.0,neutral,40,8
1QsZnMTiPeg,UgwXRvlLIMy9Xz37czp4AaABAg,"Isn't Iran on the far side of the planet from the US? Not really in his hemisphere... I thought he gave Iran to Russia, or China.",@troyboyd3100,2026-01-30 03:01:03+00:00,0,0,isnt iran on the far side of the planet from the us? not really in his hemisphere... i thought he gave iran to russia or china.,isnt iran far side planet us ? really hemisphere ... thought gave iran russia china .,0.0,0.6,neutral,129,26
1QsZnMTiPeg,UgzB-7ikC_Xv2nitjIx4AaABAg,Cool story. Now explain to me why I should care.,@Davidpromaster,2026-01-30 03:23:02+00:00,2,1,cool story. now explain to me why i should care.,cool story . explain care .,0.35,0.65,positive,48,10
1QsZnMTiPeg,UgzT5zc5SHBMBR9Nly94AaABAg,"Iran revealing their game plan, ""strike instantly"" with what??🦧 
The bunker busters showed the iranian paper tiger😂",@gf5617,2026-01-30 05:33:35+00:00,0,0,iran revealing their game plan strike instantly with what?? the bunker busters showed the iranian paper tiger,iran revealing game plan strike instantly ? ? bunker busters showed iranian paper tiger,-0.2,0.5333333333333333,negative,115,17
1QsZnMTiPeg,UgzOlf9jmlUMO180clF4AaABAg,My Full support to Iran .,@sujitsingh7446,2026-01-30 03:52:23+00:00,5,2,my full support to iran .,full support iran .,0.35,0.55,positive,25,6
